language,filename,blank,comment,code
C,autoparllm/214/1.c,16,53,230
C,autoparllm/75/1.c,16,51,230
C,autoparllm/244/1.c,15,50,229
C,autoparllm/301/1.c,12,11,227
C,autoparllm/87/1.c,19,67,206
C,autoparllm/165/1.c,8,53,196
C,autoparllm/53/1.c,13,51,187
C,autoparllm/166/1.c,13,73,185
C,autoparllm/265/1.c,14,29,170
C,autoparllm/271/1.c,12,13,166
C,autoparllm/86/1.c,12,60,166
C,autoparllm/151/1.c,12,47,165
C,autoparllm/184/1.c,12,51,165
C,autoparllm/281/1.c,12,52,165
C,autoparllm/51/1.c,12,45,165
C,autoparllm/264/1.c,14,30,152
C,autoparllm/38/1.c,2,1,151
C,autoparllm/188/1.c,12,53,142
C,autoparllm/146/1.c,18,286,141
C,autoparllm/270/1.c,12,85,140
C,autoparllm/115/1.c,8,14,133
C,autoparllm/147/1.c,10,3,116
C,autoparllm/54/1.c,9,30,109
C,autoparllm/134/1.c,12,11,104
C,autoparllm/122/1.c,11,89,99
C,autoparllm/155/1.c,15,12,90
C,autoparllm/170/1.c,12,10,84
C,autoparllm/84/1.c,10,19,79
C,autoparllm/14/1.c,9,6,77
C,autoparllm/124/1.c,9,4,76
C,autoparllm/204/1.c,9,54,76
C,autoparllm/210/1.c,9,18,76
C,autoparllm/263/1.c,7,6,74
C,autoparllm/100/1.c,10,84,73
C,autoparllm/201/1.c,9,3,73
C,autoparllm/248/1.c,11,7,73
C,autoparllm/252/1.c,11,8,72
C,autoparllm/254/1.c,11,8,72
C,autoparllm/255/1.c,11,8,72
C,autoparllm/101/1.c,10,84,71
C,autoparllm/250/1.c,11,8,71
C,autoparllm/64/1.c,10,8,71
C,autoparllm/246/1.c,11,11,70
C,autoparllm/247/1.c,11,8,70
C,autoparllm/251/1.c,11,9,70
C,autoparllm/253/1.c,11,9,70
C,autoparllm/249/1.c,11,7,69
C,autoparllm/67/1.c,7,18,67
C,autoparllm/132/1.c,8,8,66
C,autoparllm/245/1.c,12,4,65
C,autoparllm/145/1.c,10,10,64
C,autoparllm/61/1.c,6,4,64
C,autoparllm/174/1.c,10,10,63
C,autoparllm/65/1.c,7,55,61
C,autoparllm/119/1.c,7,4,60
C,autoparllm/217/1.c,8,6,60
C,autoparllm/15/1.c,5,1,58
C,autoparllm/297/1.c,7,19,57
C,autoparllm/69/1.c,9,5,57
C,autoparllm/9/1.c,22,86,57
C,autoparllm/23/1.c,19,34,55
C,autoparllm/120/1.c,9,19,54
C,autoparllm/8/1.c,10,43,54
C,autoparllm/128/1.c,8,4,53
C,autoparllm/241/1.c,8,3,53
C,autoparllm/311/1.c,7,13,53
C,autoparllm/98/1.c,7,46,53
C,autoparllm/136/1.c,8,12,51
C,autoparllm/242/1.c,8,3,51
C,autoparllm/243/1.c,6,16,51
C,autoparllm/280/1.c,9,2,51
C,autoparllm/37/1.c,4,2,51
C,autoparllm/168/1.c,6,3,49
C,autoparllm/178/1.c,6,2,49
C,autoparllm/237/1.c,7,47,49
C,autoparllm/36/1.c,4,15,49
C,autoparllm/70/1.c,11,57,49
C,autoparllm/121/1.c,9,19,47
C,autoparllm/261/1.c,8,9,47
C,autoparllm/52/1.c,6,1,47
C,autoparllm/137/1.c,8,12,46
C,autoparllm/138/1.c,8,12,46
C,autoparllm/40/1.c,3,3,45
C,autoparllm/50/1.c,4,9,45
C,autoparllm/55/1.c,6,2,45
C,autoparllm/7/1.c,14,83,45
C,autoparllm/102/1.c,8,86,44
C,autoparllm/135/1.c,6,1,44
C,autoparllm/197/1.c,6,2,44
C,autoparllm/78/1.c,6,1,44
C,autoparllm/80/1.c,7,1,44
C,autoparllm/68/1.c,7,15,43
C,autoparllm/81/1.c,6,1,43
C,autoparllm/97/1.c,6,83,43
C,autoparllm/130/1.c,7,2,42
C,autoparllm/148/1.c,6,11,42
C,autoparllm/160/1.c,13,27,42
C,autoparllm/83/1.c,6,2,42
C,autoparllm/103/1.c,7,45,41
C,autoparllm/158/1.c,11,26,41
C,autoparllm/175/1.c,8,4,41
C,autoparllm/222/1.c,6,43,41
C,autoparllm/42/1.c,5,1,41
C,autoparllm/114/1.c,7,15,40
C,autoparllm/12/1.c,9,15,40
C,autoparllm/156/1.c,11,26,40
C,autoparllm/157/1.c,11,26,40
C,autoparllm/159/1.c,11,26,40
C,autoparllm/173/1.c,8,5,40
C,autoparllm/202/1.c,8,1,40
C,autoparllm/91/1.c,7,86,40
C,autoparllm/299/1.c,7,3,39
C,autoparllm/186/1.c,8,4,38
C,autoparllm/30/1.c,12,43,38
C,autoparllm/10/1.c,14,83,37
C,autoparllm/11/1.c,5,13,37
C,autoparllm/129/1.c,8,1,37
C,autoparllm/13/1.c,8,35,37
C,autoparllm/161/1.c,11,26,37
C,autoparllm/199/1.c,6,6,37
C,autoparllm/200/1.c,6,2,37
C,autoparllm/212/1.c,8,33,37
C,autoparllm/230/1.c,7,46,37
C,autoparllm/262/1.c,6,9,37
C,autoparllm/105/1.c,7,46,36
C,autoparllm/116/1.c,6,1,36
C,autoparllm/144/1.c,6,5,36
C,autoparllm/154/1.c,11,26,36
C,autoparllm/228/1.c,7,43,36
C,autoparllm/257/1.c,7,2,36
C,autoparllm/268/1.c,7,3,36
C,autoparllm/298/1.c,7,4,36
C,autoparllm/85/1.c,7,6,36
C,autoparllm/93/1.c,6,85,36
C,autoparllm/118/1.c,6,1,35
C,autoparllm/123/1.c,7,2,35
C,autoparllm/127/1.c,7,3,35
C,autoparllm/169/1.c,6,13,35
C,autoparllm/185/1.c,8,2,35
C,autoparllm/189/1.c,6,1,35
C,autoparllm/206/1.c,7,2,35
C,autoparllm/229/1.c,7,43,35
C,autoparllm/259/1.c,6,9,35
C,autoparllm/273/1.c,6,11,35
C,autoparllm/43/1.c,1,2,35
C,autoparllm/59/1.c,7,7,35
C,autoparllm/72/1.c,7,15,35
C,autoparllm/117/1.c,6,1,34
C,autoparllm/164/1.c,11,26,34
C,autoparllm/187/1.c,6,5,34
C,autoparllm/195/1.c,6,9,34
C,autoparllm/231/1.c,8,44,34
C,autoparllm/232/1.c,8,46,34
C,autoparllm/235/1.c,6,9,34
C,autoparllm/236/1.c,7,46,34
C,autoparllm/274/1.c,7,2,34
C,autoparllm/4/1.c,15,84,34
C,autoparllm/44/1.c,1,2,34
C,autoparllm/5/1.c,13,84,34
C,autoparllm/57/1.c,7,13,34
C,autoparllm/6/1.c,16,85,34
C,autoparllm/66/1.c,6,1,34
C,autoparllm/73/1.c,6,3,34
C,autoparllm/76/1.c,7,15,34
C,autoparllm/94/1.c,6,84,34
C,autoparllm/109/1.c,6,84,33
C,autoparllm/131/1.c,6,1,33
C,autoparllm/16/1.c,5,5,33
C,autoparllm/183/1.c,7,15,33
C,autoparllm/191/1.c,6,1,33
C,autoparllm/209/1.c,6,1,33
C,autoparllm/25/1.c,3,8,33
C,autoparllm/256/1.c,7,1,33
C,autoparllm/288/1.c,6,5,33
C,autoparllm/300/1.c,6,4,33
C,autoparllm/39/1.c,3,8,33
C,autoparllm/60/1.c,7,5,33
C,autoparllm/92/1.c,6,88,33
C,autoparllm/163/1.c,11,28,32
C,autoparllm/198/1.c,6,1,32
C,autoparllm/266/1.c,6,43,32
C,autoparllm/284/1.c,7,4,32
C,autoparllm/285/1.c,7,4,32
C,autoparllm/293/1.c,7,4,32
C,autoparllm/294/1.c,6,4,32
C,autoparllm/295/1.c,6,4,32
C,autoparllm/302/1.c,6,43,32
C,autoparllm/306/1.c,9,43,32
C,autoparllm/32/1.c,9,43,32
C,autoparllm/1/1.c,5,5,31
C,autoparllm/172/1.c,7,3,31
C,autoparllm/176/1.c,6,4,31
C,autoparllm/179/1.c,7,2,31
C,autoparllm/190/1.c,6,1,31
C,autoparllm/215/1.c,6,4,31
C,autoparllm/224/1.c,6,44,31
C,autoparllm/233/1.c,6,47,31
C,autoparllm/234/1.c,7,43,31
C,autoparllm/26/1.c,3,6,31
C,autoparllm/267/1.c,6,44,31
C,autoparllm/269/1.c,7,13,31
C,autoparllm/289/1.c,6,4,31
C,autoparllm/290/1.c,6,4,31
C,autoparllm/309/1.c,5,4,31
C,autoparllm/316/1.c,9,43,31
C,autoparllm/33/1.c,9,43,31
C,autoparllm/74/1.c,7,1,31
C,autoparllm/95/1.c,6,84,31
C,autoparllm/108/1.c,6,43,30
C,autoparllm/110/1.c,6,45,30
C,autoparllm/139/1.c,6,1,30
C,autoparllm/203/1.c,6,1,30
C,autoparllm/238/1.c,6,44,30
C,autoparllm/260/1.c,6,2,30
C,autoparllm/275/1.c,6,1,30
C,autoparllm/277/1.c,6,2,30
C,autoparllm/279/1.c,6,1,30
C,autoparllm/291/1.c,7,4,30
C,autoparllm/317/1.c,10,43,30
C,autoparllm/88/1.c,6,84,30
C,autoparllm/96/1.c,6,84,30
C,autoparllm/162/1.c,11,26,29
C,autoparllm/180/1.c,6,1,29
C,autoparllm/208/1.c,6,2,29
C,autoparllm/223/1.c,7,43,29
C,autoparllm/239/1.c,6,44,29
C,autoparllm/258/1.c,6,2,29
C,autoparllm/56/1.c,7,2,29
C,autoparllm/90/1.c,6,85,29
C,autoparllm/126/1.c,6,50,28
C,autoparllm/19/1.c,3,5,28
C,autoparllm/213/1.c,6,2,28
C,autoparllm/218/1.c,6,44,28
C,autoparllm/24/1.c,7,2,28
C,autoparllm/240/1.c,6,44,28
C,autoparllm/282/1.c,6,4,28
C,autoparllm/283/1.c,6,4,28
C,autoparllm/286/1.c,7,4,28
C,autoparllm/287/1.c,6,5,28
C,autoparllm/312/1.c,10,44,28
C,autoparllm/315/1.c,8,43,28
C,autoparllm/320/1.c,10,44,28
C,autoparllm/79/1.c,6,1,28
C,autoparllm/99/1.c,7,87,28
C,autoparllm/104/1.c,6,46,27
C,autoparllm/125/1.c,6,41,27
C,autoparllm/192/1.c,6,5,27
C,autoparllm/205/1.c,6,1,27
C,autoparllm/221/1.c,7,43,27
C,autoparllm/272/1.c,7,1,27
C,autoparllm/308/1.c,9,45,27
C,autoparllm/62/1.c,6,4,27
C,autoparllm/152/1.c,6,1,26
C,autoparllm/153/1.c,6,1,26
C,autoparllm/177/1.c,6,2,26
C,autoparllm/182/1.c,6,6,26
C,autoparllm/21/1.c,2,1,26
C,autoparllm/227/1.c,6,45,26
C,autoparllm/276/1.c,6,2,26
C,autoparllm/35/1.c,10,44,26
C,autoparllm/193/1.c,7,4,25
C,autoparllm/194/1.c,7,3,25
C,autoparllm/196/1.c,6,1,25
C,autoparllm/207/1.c,6,5,25
C,autoparllm/225/1.c,7,47,25
C,autoparllm/296/1.c,6,4,25
C,autoparllm/303/1.c,11,44,25
C,autoparllm/31/1.c,0,1,25
C,autoparllm/310/1.c,4,2,25
C,autoparllm/34/1.c,4,1,25
C,autoparllm/41/1.c,2,4,25
C,autoparllm/49/1.c,0,5,25
C,autoparllm/82/1.c,6,1,25
C,autoparllm/89/1.c,6,85,25
C,autoparllm/140/1.c,6,2,24
C,autoparllm/142/1.c,6,4,24
C,autoparllm/150/1.c,6,1,24
C,autoparllm/167/1.c,6,1,24
C,autoparllm/171/1.c,6,1,24
C,autoparllm/181/1.c,6,2,24
C,autoparllm/219/1.c,6,43,24
C,autoparllm/220/1.c,6,45,24
C,autoparllm/292/1.c,6,4,24
C,autoparllm/3/1.c,1,4,24
C,autoparllm/48/1.c,0,1,24
C,autoparllm/63/1.c,6,1,24
C,autoparllm/111/1.c,6,14,23
C,autoparllm/112/1.c,6,16,23
C,autoparllm/113/1.c,6,16,23
C,autoparllm/141/1.c,6,1,23
C,autoparllm/143/1.c,6,1,23
C,autoparllm/211/1.c,6,1,23
C,autoparllm/226/1.c,6,45,23
C,autoparllm/58/1.c,6,1,23
C,autoparllm/71/1.c,6,1,23
C,autoparllm/77/1.c,6,2,23
C,autoparllm/133/1.c,6,1,22
C,autoparllm/149/1.c,6,1,22
C,autoparllm/2/1.c,2,1,22
C,autoparllm/20/1.c,0,1,22
C,autoparllm/216/1.c,6,1,22
C,autoparllm/22/1.c,3,1,22
C,autoparllm/27/1.c,1,1,22
C,autoparllm/278/1.c,6,1,22
C,autoparllm/28/1.c,1,1,22
C,autoparllm/29/1.c,8,45,22
C,autoparllm/305/1.c,1,1,22
C,autoparllm/307/1.c,1,1,22
C,autoparllm/314/1.c,1,1,22
C,autoparllm/318/1.c,6,49,22
C,autoparllm/46/1.c,1,1,22
C,autoparllm/47/1.c,7,49,22
C,autoparllm/106/1.c,6,43,21
C,autoparllm/107/1.c,6,44,21
C,autoparllm/17/1.c,0,1,21
C,autoparllm/18/1.c,3,1,21
C,autoparllm/304/1.c,1,1,21
C,autoparllm/313/1.c,7,43,21
C,autoparllm/319/1.c,7,45,21
C,autoparllm/45/1.c,1,1,21
SUM,,2342,6972,15033
